AI_Arena_Empty_BluePrints,"If you encounter any issues, please join our Discord server to provide feedback",TEXT
AI_Arena_Empty_GameContext,Error_Arena_Empty,TEXT
AI_Arena_Not_Exist,"If you encounter any issues, please join our Discord server to provide feedback",TEXT
AI_CHARACTER_NOT_EXIST,"If you encounter any issues, please join our Discord server to provide feedback",TEXT
AI_Char_Empty_BluePrints,Sorry! We are unable to generate a character with your prompt; ticket will be returned,TEXT
AI_Char_Empty_GameContext,Error_Character_Empty,TEXT
AI_Character_Slot_Already_Exist,"If you encounter any issues, please join our Discord server to provide feedback",TEXT
AI_Create_Invalid_Price,"If you encounter any issues, please join our Discord server to provide feedback",TEXT
AI_Ethical_Or_Profanity,"The input contains sensitive words, please try another one!",TEXT
AI_IS_CREATING,Slot is in crafting queue,TEXT
AI_Invalid_AI_Item,"If you encounter any issues, please join our Discord server to provide feedback",TEXT
AI_Invalid_Arena_Loot_Slot_ID,"If you encounter any issues, please join our Discord server to provide feedback",TEXT
AI_Invalid_Desc,"If you encounter any issues, please join our Discord server to provide feedback",TEXT
AI_Invalid_Match,"Oops, error occurred! Please join our <color=#5165F6><b>Discord</b></color> server to report errors.{0}",TEXT
AI_Invalid_Price,"Price has changed, please quit and enter this page again",TEXT
AI_Invalid_Request,"If you encounter any issues, please join our Discord server to provide feedback",TEXT
AI_Invalid_Weapon_Loot_Slot_ID,"If you encounter any issues, please join our Discord server to provide feedback",TEXT
AI_Map_Slot_Already_Exist,"If you encounter any issues, please join our Discord server to provide feedback",TEXT
AI_NotEnough_Character_CreateCnt,Error! Not enough character creation opportunity,TEXT
AI_NotEnough_Character_Slot,Error! Not enough character slot,TEXT
AI_NotEnough_Map_CreateCnt,"If you encounter any issues, please join our Discord server to provide feedback",TEXT
AI_NotEnough_Map_Slot,"If you encounter any issues, please join our Discord server to provide feedback",TEXT
AI_NotEnough_Weapon_CreateCnt,"If you encounter any issues, please join our Discord server to provide feedback",TEXT
AI_NotEnough_Weapon_Slot,Error! Not enough weapon creation slot,TEXT
AI_SLOT_NOT_Exist,Error! AI creation slot does not exist,TEXT
AI_SLOT_NOT_VALID,"If you encounter any issues, please join our Discord server to provide feedback",TEXT
AI_Unknown_Error,"Sorry Dreamer! AI doesn't understand your input yet, try something different!",TEXT
AI_Weapon_Empty_BluePrints,Sorry! We are unable to generate a weapon with your prompt; ticket will be returned,TEXT
AI_Weapon_Empty_GameContext,Error_Weapon_Empty,TEXT
AI_Weapon_Not_Exist,"If you encounter any issues, please join our Discord server to provide feedback",TEXT
AI_Weapon_Slot_Already_Exist,"If you encounter any issues, please join our Discord server to provide feedback",TEXT
AI_Wish_Not_Clear,Sorry! We are unable to generate with your prompt; ticket will be returned,TEXT
Account_DirtyName,Name contains inappropriate language,TEXT
Account_Invalid_Reward_Line,"If you encounter any issues, please join our Discord server to provide feedback",TEXT
Account_Reward_Line_Had_Rewarded,"If you encounter any issues, please join our Discord server to provide feedback",TEXT
Account_Reward_Line_Not_Finished,"If you encounter any issues, please join our Discord server to provide feedback",TEXT
ErrCode_ALREADYINGROUP,Already in squad,TEXT
ErrCode_ALREADYINMATCHMAKING,"If you encounter any issues, please join our Discord server to provide feedback.2",TEXT
ErrCode_ALREADYINVITED,Already invited,TEXT
ErrCode_AUTOGROUPTIMEOUT,Auto team-up timed out,TEXT
ErrCode_CANNOTINVITEOTHERREGION,Unable to invite Dreamers from other regions,TEXT
ErrCode_CANNOTINVITESELF,Unable to invite yourself,TEXT
ErrCode_CANNOTKICKSELF,Unable to kick yourself out,TEXT
ErrCode_CREATCHAR_FAIL,"If you encounter any issues, please join our Discord server to provide feedback.",TEXT
ErrCode_CREATEGROUPFAIL,Fail to start squad,TEXT
ErrCode_CREATEPLAYERFAIL,Failed to create character,TEXT
ErrCode_Common,"Oops, error occurred! Please join our <color=#5165F6><b>Discord</b></color> server to report errors.{0}",TEXT
ErrCode_DIFFERENTGROUPS,Different squad,TEXT
ErrCode_GROUPEXISTED,Squad already exists,TEXT
ErrCode_GROUPINGAME,Unable to matchmake as squad member still in game,TEXT
ErrCode_GROUPNOTIDLEFORBIDCHANGEMODE,Unable to switch mode as squad member still in game,TEXT
ErrCode_GROUPNOTINGAME,Squad not in game,TEXT
ErrCode_INVALIDGROUPMODE,Squad mode invalid,TEXT
ErrCode_INVITEEALREADYINGAME,Invitee currently in a game,TEXT
ErrCode_INVITEEALREADYINGROUP,Invitee already in squad,TEXT
ErrCode_INVITEEALREADYOFFLINE,Invitee is offline,TEXT
ErrCode_JOINERALREADYINGROUP,Joined Dreamer already in squad,TEXT
ErrCode_LOGINGAMESERVERTIMEOUT,"If you encounter any issues, please join our Discord server to provide feedback.5",TEXT
ErrCode_MATCHMAKING_FAIL,Matchmaking failed,TEXT
ErrCode_MMTIMEOUT,"If you encounter any issues, please join our Discord server to provide feedback.",TEXT
ErrCode_NETWORKISSUE,Network Error!,TEXT
ErrCode_NOGAMESERVERAVAILABLE,"If you encounter any issues, please join our Discord server to provide feedback.4",TEXT
ErrCode_NOGROUP,No squad,TEXT
ErrCode_NOSUCHPOOL,No such pool,TEXT
ErrCode_NOTGROUPCAPTAIN,Not squad captain,TEXT
ErrCode_NOTINGROUP,Not in squad,TEXT
ErrCode_REACHMAXINVITEE,Invitation limit reached,TEXT
ErrCode_REACHMAXMEMBER,Squad member limit reached,TEXT
FRIEND_ALREADY_INPUT_INVITER,"If you encounter any issues, please join our Discord server to provide feedback",TEXT
FRIEND_ALREADY_SENT_REQUEST,Friend request sent,TEXT
FRIEND_BLOCK_MAX_COUNT,"If you encounter any issues, please join our Discord server to provide feedback",TEXT
FRIEND_CAN_NOT_INVITE_SELF,Unable to invite yourself,TEXT
FRIEND_DUPLICATE,Friends cannot be added repeatedly,TEXT
FRIEND_FRIEND_INVALID_CONFIG,"If you encounter any issues, please join our Discord server to provide feedback",TEXT
FRIEND_INVALID_ACCOUNT,"If you encounter any issues, please join our Discord server to provide feedback",TEXT
FRIEND_LEVEL_NOT_ENOUGH,"If you encounter any issues, please join our Discord server to provide feedback",TEXT
FRIEND_MAX_COUNT,Max no. of friends reached,TEXT
FRIEND_MAX_COUNT_OTHERS,"If you encounter any issues, please join our Discord server to provide feedback",TEXT
FRIEND_MAX_REQUEST,"If you encounter any issues, please join our Discord server to provide feedback",TEXT
FRIEND_NOT_FOUND,Friend not found,TEXT
FRIEND_NOT_IN_SAME_REGION,"If you encounter any issues, please join our Discord server to provide feedback",TEXT
FRIEND_NOT_RETURN_PLAYER,"If you encounter any issues, please join our Discord server to provide feedback",TEXT
FRIEND_NOT_SAME_REGION,Error! Friend not in same region,TEXT
FRIEND_NO_ENOUGH_ITEM,"If you encounter any issues, please join our Discord server to provide feedback",TEXT
FRIEND_NO_REQUEST,"If you encounter any issues, please join our Discord server to provide feedback",TEXT
FRIEND_SELF,"If you encounter any issues, please join our Discord server to provide feedback",TEXT
INVENTORY_CHARACTER_NOT_EXISTS,"If you encounter any issues, please join our Discord server to provide feedback.1",TEXT
INVENTORY_INVALID_ITEM,"If you encounter any issues, please join our Discord server to provide feedback",TEXT
INVENTORY_INVALID_PARAMS,"If you encounter any issues, please join our Discord server to provide feedback",TEXT
INVENTORY_ITEM_ALREADY_EXPIRED,"If you encounter any issues, please join our Discord server to provide feedback",TEXT
INVENTORY_NEGATIVE_GEMS,Error! Negative Gem,TEXT
INVENTORY_NOT_ENOUGH_COINS,Insufficient coins,TEXT
INVENTORY_NOT_ENOUGH_GEMS,"If you encounter any issues, please join our Discord server to provide feedback",TEXT
INVENTORY_NOT_ENOUGH_ITEMS,Insufficient items,TEXT
INVENTORY_PURCHASE_FAIL,"If you encounter any issues, please join our Discord server to provide feedback",TEXT
SERVER_INTERNAL_EXCEPTION,"If you encounter any issues, please join our Discord server to provide feedback",TEXT
Stats_Invalid_Match,"Oops, error occurred! Please join our <color=#5165F6><b>Discord</b></color> server to report errors.{0}",TEXT
Stats_Invalid_Price,"The price has changed, please restart and try again",TEXT
Stats_Invalid_Region,"Oops, error occurred! Please join our <color=#5165F6><b>Discord</b></color> server to report errors.{0}",TEXT
Stats_Invalid_Request_Param,"Oops, error occurred! Please join our <color=#5165F6><b>Discord</b></color> server to report errors.{0}",TEXT
Stats_Update_Crown_Failed,"Oops, error occurred! Please join our <color=#5165F6><b>Discord</b></color> server to report errors.{0}",TEXT
TXT_1ST,1ST,TEXT
TXT_2ND,2ND,TEXT
TXT_3RD,3RD,TEXT
TXT_4TH,4TH,TEXT
TXT_5TH,5TH,TEXT
TXT_6TH,6TH,TEXT
TXT_CREATED_BY,Created by {0},TEXT
TXT_CREATED_BY0,Created by,TEXT
TXT_CREATION_CONFIRM_2,It will arrive in no time!,TEXT
TXT_CREATION_MSG_1,Cast some magic!,TEXT
TXT_CREATION_TITLE_MAP,Create your arena,TEXT
TXT_CREATION_TITLE_WEAPON,Create your weapon,TEXT
TXT_CREATION_WAIT,Crafting...,TEXT
TXT_EXCLUSIVE_LANDMARK,Come and see my eclusive landmark!,TEXT
TXT_EXCLUSIVE_WEAPON,My creation is superior! We must use my weapon instead!,TEXT
TXT_GENERATION_BIG_TITLE,GENERATION STARTS,TEXT
TXT_GENERATION_DONE_MAP_1,Welcome to the arena by {0} and {0}!,TEXT
TXT_GENERATION_DONE_MAP_2_PROMPT,"""{0}""",TEXT
TXT_GENERATION_DONE_WEAPON_1,Try out the weapon by <color=#FEBF53>{0}</color> now!,TEXT
TXT_GENERATION_DONE_WEAPON_2_PROMPT,"""{0}""",TEXT
TXT_GENERATION_MSG_BOTTOM,"Walk around, and see magic unfold!",TEXT
TXT_GENERATION_MSG_TOP,PROGRESS: {0}%,TEXT
TXT_LANDMARK,Landmark made by {0} is deployed!,TEXT
TXT_LEFT_PLAYERS,Remaining players: {0},TEXT
TXT_LIKE_TITLE,Which is your favorite?,TEXT
TXT_LOADINGGAME_DES,Entering the arena,TEXT
TXT_MESSAGEBOX_CANCEL,Cancel,TEXT
TXT_MESSAGEBOX_CONFIRM,CONFIRM,TEXT
TXT_MESSAGEBOX_ERROR,ERROR,TEXT
TXT_MESSAGEBOX_INFO,INFORMATION,TEXT
TXT_MESSAGEBOX_NO,NO,TEXT
TXT_MESSAGEBOX_OK,OK,TEXT
TXT_MESSAGEBOX_REWARD,Reward,TEXT
TXT_MESSAGEBOX_REWARD_CONFIRM,Confirm,TEXT
TXT_MESSAGEBOX_SUGGESTION,SUGGESTION,TEXT
TXT_MESSAGEBOX_WARNING,WARNING,TEXT
TXT_MESSAGEBOX_YES,YES,TEXT
TXT_NAMEDES,User Name:,TEXT
TXT_NEXT,Next,TEXT
TXT_OBSERVING_INFO,Observing...,TEXT
TXT_RESTART_GAME,Please restart game to apply language change,TEXT
TXT_ROLE_MAP_CREATOR,ARENA MASTER,TEXT
TXT_ROLE_TITLE,I hereby appoint you as,TEXT
TXT_ROLE_WEAPON_CREATOR,WEAPON MASTER,TEXT
TXT_SAFEZONE_DES,Safe zone shrinking in,TEXT
TXT_SHRINK_SAFEZONE,Safe Zone Shrinking,TEXT
TXT_START,Start,TEXT
TXT_STORY_1,"Dreamers, this is your game!",TEXT
TXT_STORY_2,Your fate shall be determined by your very own creation! \nCompete and survive for the grand reward!,TEXT
TXT_TAP_CLOSE,Tap to close,TEXT
TXT_TAP_CONTINUE,Tap to Continue,TEXT
TXT_TAP_SKIP,Tap to skip,TEXT
TXT_TRANING,TRAINING,TEXT
TXT_TRYOUT_WEAPON,Try out the weapon by {0} now!,TEXT
T_ABOUTFEWMIN,Wait a little longer~,TEXT
T_ACCOUNT,Account,TEXT
T_ACHIEVED,Achieved,TEXT
T_ACTION_ACT_COOL,Act Cool,TEXT
T_ACTION_ACT_COOL_DESC,Strike a cool pose to show you’ve got it all together!,TEXT
T_ACTION_ANGRY,Angry,TEXT
T_ACTION_ANGRY_D,Sooo Angry!,TEXT
T_ACTION_ANGRY_DESC,Let your rage out!,TEXT
T_ACTION_CHEER_UP,Cheer up,TEXT
T_ACTION_CHEER_UP_D,Stay positive!,TEXT
T_ACTION_CHEER_UP_DESC,Shake off the bad vibe and stay positive!,TEXT
T_ACTION_CRY,Cry,TEXT
T_ACTION_CRY_D,[crying...],TEXT
T_ACTION_CRY_DESC,Let out your tears with a soft cry..,TEXT
T_ACTION_CRY_LOUDLY,Cry loudly,TEXT
T_ACTION_CRY_LOUDLY_D,Cry out loud..,TEXT
T_ACTION_CRY_LOUDLY_DESC,Cry out loud,TEXT
T_ACTION_DANCE,Dance,TEXT
T_ACTION_DANCE_D,I learnt it in Hawaii,TEXT
T_ACTION_DANCE_DESC,Let the rhythm take over,TEXT
T_ACTION_DISLIKE,Dislike,TEXT
T_ACTION_DISLIKE_D,Nah I don't like it,TEXT
T_ACTION_DISLIKE_DESC,Show your disapproval,TEXT
T_ACTION_ENCOURAGE,Encourage,TEXT
T_ACTION_ENCOURAGE_DESC,Boost your team's morale,TEXT
T_ACTION_EVIL,Act evil,TEXT
T_ACTION_EVIL_D,Mischief time..,TEXT
T_ACTION_EVIL_DESC,Give off an evil grin..,TEXT
T_ACTION_GLAD,Glad,TEXT
T_ACTION_GLAD_DESC,Express happiness!,TEXT
T_ACTION_GYMNASTICS,Gymnastics Move,TEXT
T_ACTION_GYMNASTICS_D,Look at me!,TEXT
T_ACTION_GYMNASTICS_DESC,Show off your acrobatic flair,TEXT
T_ACTION_HAPPY,Happy,TEXT
T_ACTION_HAPPY_D,Sooo happy!,TEXT
T_ACTION_HAPPY_DESC,A cheerful gesture,TEXT
T_ACTION_HELLO,Greet,TEXT
T_ACTION_HELLO_D,Hey there!,TEXT
T_ACTION_HELLO_DESC,A friendly greeting to everyone!,TEXT
T_ACTION_LAUGH,Laugh,TEXT
T_ACTION_LAUGH_D,LOL,TEXT
T_ACTION_LAUGH_DESC,"Share a hearty laugh, spread the joy!",TEXT
T_ACTION_LIKE,Like,TEXT
T_ACTION_LIKE_D,Love it!!,TEXT
T_ACTION_LIKE_DESC,I think I really like it!,TEXT
T_ACTION_MAKE_FACES,Goofy Look,TEXT
T_ACTION_MAKE_FACES_DESC,Pull a funny face,TEXT
T_ACTION_MOCK,Mock,TEXT
T_ACTION_MOCK_D,You so bad at the game!,TEXT
T_ACTION_MOCK_DESC,"Mock your rivals, show no mercy!",TEXT
T_ACTION_SALUTE,Salute,TEXT
T_ACTION_SALUTE_D,Salute!,TEXT
T_ACTION_SALUTE_DESC,Pay respect,TEXT
T_ACTION_SIGH,Sigh,TEXT
T_ACTION_SIGH_D,Sigh...,TEXT
T_ACTION_SIGH_DESC,Are you feeling frustrated?,TEXT
T_ACTION_SOMERSAULT,Flip,TEXT
T_ACTION_SOMERSAULT_D,Feel like doing a flip?,TEXT
T_ACTION_SOMERSAULT_DESC,Feel like doing a flip?,TEXT
T_ACTION_STREET_DANCE,Sreet dance,TEXT
T_ACTION_STREET_DANCE_DESC,Feel like breaking out some smooth dance moves?,TEXT
T_ACTION_TAUNT,Taunting,TEXT
T_ACTION_TAUNT_D,Cheeky gesture,TEXT
T_ACTION_TAUNT_DESC,Taunt your enemies with a cheeky gesture!,TEXT
T_ACTION_WAVE,Wave,TEXT
T_ACTION_WAVE_DESC,A friendly wave to greet everyone,TEXT
T_ACTION_WIGGLE,Wiggle,TEXT
T_ACTION_WIGGLE_DESC,See me wiggle a little,TEXT
T_ACTIVITY_BT1,Play in 3 intense battles,TEXT
T_ACTIVITY_BT2,Complete 5 Gem Blitz battles,TEXT
T_ACTIVITY_CH1,Create your own character!,TEXT
T_ACTIVITY_CH2,Explore 3 new character magic,TEXT
T_ACTIVITY_KN1,Obtain 20 Era Runes,TEXT
T_ACTIVITY_LOGIN,Welcome to DayDream!,TEXT
T_ACTIVITY_LOGIN2,Come back to DayDream tomorrow!,TEXT
T_ACTIVITY_MAP1,Create your own arena,TEXT
T_ACTIVITY_PVE1,Complete Dungeon Rush (Novice),TEXT
T_ACTIVITY_WP1,Explore weapon creation once,TEXT
T_ACTIVITY_WP2,Explore 5 new weapon magic,TEXT
T_AIRWAVE_D,Fire a penetrating wave of energy,TEXT
T_AIRWAVE_N,Qi Wave,TEXT
T_ATTRACTION_D,"Summon a black hole at the targeted location, pulling in nearby enemies",TEXT
T_ATTRIBUTE,Attribute,TEXT
T_ATTRIBUTES_AMMO,Magazine,TEXT
T_ATTRIBUTES_AUTOFIRE,Auto fire,TEXT
T_ATTRIBUTES_CHARGEBONUS,Charged bullet,TEXT
T_ATTRIBUTES_COUNT,Bullet per shot,TEXT
T_ATTRIBUTES_COUNT2,The number of bullets increased by 2 rounds,TEXT
T_ATTRIBUTES_COUNT4,The number of bullets increased by 4 rounds,TEXT
T_ATTRIBUTES_COUNT6,The number of bullets increased by 6 rounds,TEXT
T_ATTRIBUTES_COUNT_D,Fire more bullets in a single shot,TEXT
T_ATTRIBUTES_DAMAGE,Amplified Damage,TEXT
T_ATTRIBUTES_DAMAGE_UP,High damage,TEXT
T_ATTRIBUTES_DAMAGE_UPUP,Massive damage,TEXT
T_ATTRIBUTES_FIRE_INTERVAL,Fire rate,TEXT
T_ATTRIBUTES_FIRE_INTERVAL_D_1,Slightly reduced shooting interval,TEXT
T_ATTRIBUTES_FIRE_INTERVAL_D_2,Reduced shooting interval,TEXT
T_ATTRIBUTES_FIRE_INTERVAL_D_3,Significantly reduced shooting interval,TEXT
T_ATTRIBUTES_FIRE_INTERVAL_D_4,The shooting interval is greatly shortened,TEXT
T_ATTRIBUTES_FIRE_INTERVAL_UP,High fire rate,TEXT
T_ATTRIBUTES_FIRE_INTERVAL_UPUP,Rapid fire rate,TEXT
T_ATTRIBUTES_LIFESPAN,Range,TEXT
T_ATTRIBUTES_LIFESPAN_D_1,Slightly boosted bullet range,TEXT
T_ATTRIBUTES_LIFESPAN_D_2,Bullet range increased,TEXT
T_ATTRIBUTES_LIFESPAN_D_3,Bullet range significantly increased,TEXT
T_ATTRIBUTES_LIFESPAN_D_4,Bullet range greatly increased,TEXT
T_ATTRIBUTES_LIFESPAN_UP,Enhanced range,TEXT
T_ATTRIBUTES_LIFESPAN_UPUP,Ultra range,TEXT
T_ATTRIBUTES_RELOAD_TIME,Reload time,TEXT
T_ATTRIBUTES_SIGNIFICANT,Medium boost,TEXT
T_ATTRIBUTES_SLIGHT,Minor boost,TEXT
T_ATTRIBUTES_SMALL,Small boost,TEXT
T_ATTRIBUTES_SPREAD,Bullet spread,TEXT
T_ATTRIBUTES_SUB,Major boost,TEXT
T_ATTRIBUTES_TRAIJECTORY,Trajectory,TEXT
T_ATTRIBUTES_VELOCITY,Bullet speed,TEXT
T_AUTOFIRE_DESC,Weapon can fire continuously while holding the fire button,TEXT
T_BATTLEEVENT_ALLSPEEDUP,Everyone speeds up!,TEXT
T_BATTLEEVENT_LIGHTING,Lightning is about to strike!,TEXT
T_BATTLEEVENT_WOLF,The wolf is coming!,TEXT
T_BATTLE_COUNTDOWN,Countdown,TEXT
T_BATTLE_COUNTTIME,Battle begins now!,TEXT
T_BATTLE_KINGSELET,King's selection stage,TEXT
T_BATTLE_MISSION,Battle Mission,TEXT
T_BATTLE_RELIVE,Revive in {0}s,TEXT
T_BATTLE_START,Battle Starts!,TEXT
T_BATTLE_START01,I shall choose a lucky Dreamer for the arena!,TEXT
T_BATTLE_START02,My arena shall replace all yours in this battle!,TEXT
T_BATTLE_START03,The arena of this battle is by —— {0}!,TEXT
T_BATTLE_START04,The King has chosen your arena!,TEXT
T_BATTLE_TO_GET_MORE,Battle to get more,TEXT
T_BEHUNTERED,Hunting begins! Top Gem holder is target!,TEXT
T_BEHUNTERED_TIPS,You're being hunted,TEXT
T_BIG BULLET_1,Bullet size increases minimally,TEXT
T_BIG BULLET_2,Bullet size increases slightly,TEXT
T_BIG BULLET_3,Bullet size increase moderately,TEXT
T_BIG BULLET_4,Bullet size increases greatly,TEXT
T_BLACKHOLE_D,Summons a large black hole that draws enemies into the center and deals damage.,TEXT
T_BLACKHOLE_N,summon black hole,TEXT
T_BLOODRAGE_D,"The lower your health, the faster your attack speed",TEXT
T_BLOODRAGE_N,Blood Rage,TEXT
T_BLOODSUCKING_D,Part of damage dealt on enemies is converted to self-healing,TEXT
T_BORADCAST_MONSTER,Start a monster hunting spree,TEXT
T_BOSS_HALFMAN_1,Venomous Little Demon,TEXT
T_BOSS_HALFMAN_2,Knockback Little Demon,TEXT
T_BOSS_HALFMAN_3,Supreme Little Demon,TEXT
T_BOSS_KRATOS_1,Blazing Kratos,TEXT
T_BOSS_KRATOS_2,Frozen Kratos,TEXT
T_BOSS_KRATOS_3,Supreme Kratos,TEXT
T_BOSS_REDHAT_1,Ricochet Little Red,TEXT
T_BOSS_REDHAT_2,Splitshot Little Red,TEXT
T_BOSS_REDHAT_3,Red Hat Wolf,TEXT
T_BOSS_TRUMP_1,Shapeshifter Trump,TEXT
T_BOSS_TRUMP_2,Shrinking Trump,TEXT
T_BOSS_TRUMP_3,Tyrant Trump,TEXT
T_BOXDAMAGE_D,Deal double damage to treasure Boxes and Monsters,TEXT
T_BOXDAMAGE_N,Treasure Hunter,TEXT
T_BOXROOM,LOOT SPACE,TEXT
T_BROADCAST_BOX,Start a treasure box carnival,TEXT
T_BULLETABSORPTION_D,Bullets hitting you during the duration will turn into healing but still apply effects,TEXT
T_BULLETABSORPTION_N,Bullet Absorption,TEXT
T_BULLETREFLECTION_D,Bullets hitting you during the duration will bounce off randomly,TEXT
T_BULLETREFLECTION_N,Bullet Deflection,TEXT
T_BURNING,Bullet leaves a burning area at the explosion site for a short period,TEXT
T_BUYCOST,Confirm to purchase {1} with {0}?,TEXT
T_BUYMAPREPLACEMENT,"Arena storage full, please confirm to replace existing arena:",TEXT
T_BUYREPLACE,Replace your {0},TEXT
T_BUYREPLACEMENT,"Weapon storage full, please choose the weapon to replace",TEXT
T_CANNOT_SELECT_DURABLE0,"Durability depleted, can be used again after repair.",TEXT
T_CANNOT_SELECT_MATCHMAKING,Matchmaking in progress,TEXT
T_CD_1,Long cooldown,TEXT
T_CD_2,Medium cooldown,TEXT
T_CD_3,Short cooldown,TEXT
T_CD_4,Very short cooldown,TEXT
T_CHARGEBONUS_DESC,"Hold ""fire"" button to charge and increase bullet damage",TEXT
T_CHARGENERATE_D,Consumed when creating characters,TEXT
T_CHARGENERATE_N,Character ticket,TEXT
T_CHARSLOT_D,Unlocks a slot for character creation,TEXT
T_CHARSLOT_N,Character slot,TEXT
T_CHOP_D,"Slash forward with a sword, dealing damage to enemies in front，attacks can bounce bullets，increases movement speed slightly",TEXT
T_CHOP_N,Sword,TEXT
T_CLAIM,CLAIM,TEXT
T_CLAIMED,CLAIMED,TEXT
T_COCREATE_CHAR_TITLE,Creation,TEXT
T_COCREATE_RECOMMANDE,Recommend,TEXT
T_COIN_D,"Obatained after games, used to various purchases",TEXT
T_COIN_N,Coin,TEXT
T_CONFIRM,Confirm,TEXT
T_CONFIRMCOST,Confirm to create with {0}?,TEXT
T_COPEY,Copied to clipboard,TEXT
T_CREATCHAR,Dream up your character!,TEXT
T_CREATENAME_DIRTY,The name contains inappropriate language and cannot be used.,TEXT
T_CREATENAME_REPEAT,Name is already taken.,TEXT
T_CREATE_CHAR_TITLE,Dream up any character!,TEXT
T_CREATE_ENTERTEXT,enter here!,TEXT
T_CREATE_GENERATING,Generation in progress,TEXT
T_CREATE_MAP_TITLE,Dream up any arena!,TEXT
T_CREATE_NOW,CREATE,TEXT
T_CREATE_RECIPES,Recipes,TEXT
T_CREATE_SELECTE,select,TEXT
T_CREATE_SELECTED,selected,TEXT
T_CREATE_START,Start Dreaming!!!,TEXT
T_CREATE_TITLE,dream up anything you want,TEXT
T_CREATE_TRYOTHER,Try populars made by others,TEXT
T_CREATE_WEAPON_TITLE,Dream up any weapon!,TEXT
T_CREATING,Crafting,TEXT
T_CREATION_LACK,Try out your creation now!,TEXT
T_CREATIVEROOM,CREATIVE SPACE,TEXT
T_CREATMAP,Dream up your arena!,TEXT
T_CREATMORETIME,We are crafting carefully...,TEXT
T_CREATWEAPON,Dream up your weapon!,TEXT
T_CREAT_FAIL,"Sorry! We encountered an error in creation, ticket will be returned",TEXT
T_CURRENTWEAPON_DURABLE_INVALID,"Weapon durability used up, repair it now!",TEXT
T_CURSE_D,"Curse hit enemies, leaving a tomb upon death that damages those who step on it",TEXT
T_CURSE_N,Curse,TEXT
T_DAILYREFRESH,Refresh at 4am daily,TEXT
T_DAMAGE-TRIGGEREDSPEEDBOOST_D,Movement speed increases after taking damage,TEXT
T_DAMAGE-TRIGGEREDSPEEDBOOST_N,Injury Acceleration,TEXT
T_DAMAGEREDUCTION_D,Reduce damage taken from others,TEXT
T_DAMAGEREDUCTION_N,Damage reduction,TEXT
T_DAMAGE_1,Deal minor damage,TEXT
T_DAMAGE_2,Deal small damage,TEXT
T_DAMAGE_3,Deal moderate damage,TEXT
T_DAMAGE_4,Deal heavy damage,TEXT
T_DASH_D,Temporarily gain a large movement speed boost,TEXT
T_DASH_N,Dash,TEXT
T_DAYDREAMSLOGAN,Create anything you imagine!,TEXT
T_DECISIVE_PHASE,CRUNCH TIME!,TEXT
T_DEFAULT_DESC1,<color=#CE2121><b>FIRE DRAGON!</b></color> What a powerful spell! Let’s see what it creates!,TEXT
T_DEFAULT_DESC2,"Watch closely, this is such a perfect creation from your <color=#CE2121><b>FIRE DRAGON!</b></color> spell!",TEXT
T_DEFAULT_DESC3,"The spell is <color=#CE2121><b>FIRE DRAGON</b></color>, so I grants it the <color=#CE2121><b>Burning</b></color>weapon magic, what a perfect match!",TEXT
T_DEFAULT_PROMPT,FIRE DRAGON,TEXT
T_DEFAULT_PROMPT_SHOW,<color=#CE2121><b>FIRE DRAGON</b></color>,TEXT
T_DELETE,DELETE,TEXT
T_DELETECOFIRM,Deletion is permanent - Confirm?,TEXT
T_DESC_BULLET,BULLET,TEXT
T_DESC_EFFECT,MAGIC,TEXT
T_DESC_NEW,NEW,TEXT
T_DIFFVERSION,Please exit the game to update to the latest version —— exciting new features await!,TEXT
T_DISARMFIELD_D,Turn enemies into sheep that can't attack but deal collision damage.,TEXT
T_DISARMFIELD_N,Mass Polymorph,TEXT
T_DIS_1,Cause minor displacement of target,TEXT
T_DIS_2,Cause small displacement of target,TEXT
T_DIS_3,Cause medium displacement of target,TEXT
T_DIS_4,Cause major displacement of target,TEXT
T_DIZZINESS_D,Enemies hit have their movement directions reversed,TEXT
T_DRAGONFIST_D,Perform a melee rising uppercut,TEXT
T_DRAGONFIST_N,Rising Uppercut,TEXT
T_DRAWSLASH_D,Fire a sword energy slash in a designated direction,TEXT
T_DRAWSLASH_N,Quick Draw Slash,TEXT
T_DREAMBOOK_BIGREWARD,This is the grand prize you will get when you upgrade your dreamer level: <color=#CE2121><b>Super powerful new weapons and new characters</b></color>,TEXT
T_DREAMBOOK_MISSION1,"This is your next mission objective. If you complete it, you will receive 15 knowledge fragments [0#emoji_1]!",TEXT
T_DREAMBOOK_MISSIONCOMPLETE,oh! dreamer! You are awesome. The mission has been completed. Go and receive the award!,TEXT
T_DREAMBOOK_MISSIONREWARD,"As long as you complete the task, come here to receive the prize! The king will not treat you badly!",TEXT
T_DREAMBOOK_MISSIONREWARD2,"Receive your reward quickly, you deserve it!",TEXT
T_DREAMBOOK_MISSIONREWARDCLOSE,Mission accomplished! You are truly the greatest dreamer!,TEXT
T_DREAMBOOK_MORERUIN,"If you want to get more knowledge fragments [0#emoji_1] more easily, then complete the task!",TEXT
T_DREAMBOOK_NOUPGRADE,Just a little shy of an upgrade! Go back to the game to collect knowledge fragments [0#emoji_1]!,TEXT
T_DREAMBOOK_PROGRESS,"Collect knowledge fragments [0#emoji_1], accumulate progress, upgrade the dreamer level, and receive grand prizes!",TEXT
T_DREAMBOOK_UPGRADE,oh! You have collected enough knowledge fragments [0#emoji_1]! It's time to upgrade!,TEXT
T_DREAMER_1,LV.1 Dreamer,TEXT
T_DREAMER_2,LV.2 Dreamer,TEXT
T_DREAMER_3,LV.3 Dreamer,TEXT
T_DREAMER_4,LV.4 Dreamer,TEXT
T_DREAMER_DESC_1,"Level 1 Dreamer, with a limited spell limit, can only cast basic magic",TEXT
T_DREAMER_DESC_2,"Level 2 Dreamer, the spell limit is increased, and can control intermediate magic",TEXT
T_DREAMER_DESC_3,"Level 3 Dreamer, the spell limit is greatly increased, and more advanced magic is mastered",TEXT
T_DREAMER_DESC_4,"Level 4 Dreamer, with spell cap reaching its peak, able to cast the ultimate magic",TEXT
T_DREAM_BOOK,Dream Book,TEXT
T_DUR_1,Very short duration,TEXT
T_DUR_2,Short duration,TEXT
T_DUR_3,Medium duration,TEXT
T_DUR_4,Long duration,TEXT
T_EFFECTS,Weapon Magic,TEXT
T_EMPTY,Empty,TEXT
T_ENLARGEMENT_D,"Enemies hit grow larger, slow down, and cannot hide in grass",TEXT
T_ENTERFIRST,Please enter first,TEXT
T_EP_JOINBATTLE,Join Magic Battle,TEXT
T_EP_REWARD,Win great rewards,TEXT
T_ERA_RUIN_D,Collect knowledge fragments and upgrade your dreamer level! Become the most powerful dreamer!,TEXT
T_ERA_RUIN_T,Knowledge Fragments,TEXT
T_EXIT,EXIT,TEXT
T_EXPLOSION,Bullet hits cause explosions; kills trigger another explosion.,TEXT
T_FAVORITE,Favorites,TEXT
T_FAVORITE_LIMIT,Daily limit reached,TEXT
T_FAVORITE_SELECT,Choose your favorite,TEXT
T_FINAL_REWARD,Upgrade\nAward,TEXT
T_FINISH_DESC,"Now that you have become the most powerful dreamer, you can compete with other top dreamers on the leaderboard!",TEXT
T_FIX_TEST,test fix bug,TEXT
T_FLAMETHROWER_D,"Continuously attack, dealing damage in a frontal area",TEXT
T_FLAMETHROWER_N,Flamethrower,TEXT
T_FLAMINGFOOTSTEPS_D,Leave a trail of fire on the ground while moving during the duration,TEXT
T_FLAMINGFOOTSTEPS_N,Burning footsteps,TEXT
T_FREEGET,"Higher rank, higher discount",TEXT
T_FREEZING,Bullet freezes enemy for a short period upon impact,TEXT
T_FREEZINGTOUCH_D,"Release a ring of frozen ground, freezing enemies standing on it",TEXT
T_FREEZINGTOUCH_N,Freeze land,TEXT
T_FRIEND,Friend,TEXT
T_FRIENDADD,Add,TEXT
T_FRIENDLIST,List,TEXT
T_FRIENDREQ,Request,TEXT
T_FRIENDS,Friends,TEXT
T_FRIENDUNLOCK_D,Unlocks friend system,TEXT
T_FRIENDUNLOCK_N,Friend System unlocked!,TEXT
T_FRIEND_ADDED,Friend added,TEXT
T_FRIEND_SENDED,Friend request sent,TEXT
T_FUNCTIONUNLOCK,New feature unlocked,TEXT
T_FUNPROMPT,What a creative prompt!,TEXT
T_GAMEWEAPON,Weapon for the battle,TEXT
T_GEMEFFECTDUPLICATION_D,Gem absorption effects are doubled,TEXT
T_GEMEFFECTDUPLICATION_N,Gem Doubling,TEXT
T_GEM_HUNTER_APPEAR,A player became a gem hunter for a while!,TEXT
T_GEM_TONS,Tons of Gems incoming!,TEXT
T_GHOST_APPEAR,Ghosts will haunt the arena!,TEXT
T_GIFT_APPEAR,Powerful items dropping soon!,TEXT
T_GO,GO,TEXT
T_GOALFINISH,Unlock after completing Era Runes,TEXT
T_GOALSET_GOAL,Target Stage,TEXT
T_GOALSET_GOAL_DESC,"Stronger generation capabilities, more generation resources, and the ability to create the strongest weapons.",TEXT
T_GOALSET_NOW,Current Stage,TEXT
T_GOALSET_NOW_DESC,"Generation capability is limited, and you can only create weaker weapons.",TEXT
T_GOTOGETLOOT,Battle to acquire other players' creations!,TEXT
T_GRASS_D,"Turn into grass, immune to bullets; attacking reverts to normal form",TEXT
T_GRASS_N,Transform into grass,TEXT
T_GUIDEPICTURE_ANY,Defeat the enemy and plunder all his gems [0#emoji_3]! Also be careful not to be defeated by others,TEXT
T_GUIDEPICTURE_BOX,Every treasure chest contains the King's Gem[0#emoji_3]! Collect them quickly to win the game!,TEXT
T_GUIDEPICTURE_FRAGMENT,Collect knowledge fragments [0#emoji_1]! Increase your magician level! Create the strongest weapons and characters!,TEXT
T_GUIDEPICTURE_UPGRADE,"Want to generate the most powerful weapon? Go and upgrade your magician level! The higher the level, the stronger the weapon!",TEXT
T_GUIDEPICTURE_WIN,"The person with the most gems[0#emoji_3] wins the game! The higher the ranking, the more generous the rewards!",TEXT
T_GUIDE_CREATELEVEL_INTRO1,"Level up your Dreaming Power, for cooler and more powerful creations!",TEXT
T_GUIDE_CREATELEVEL_INTRO2,"Collect more Era Runes, and level up your Dreaming Power!",TEXT
T_GUIDE_CREATE_CHARACTER_INTRO,Create any character you want - Anything is possible!,TEXT
T_GUIDE_CREATE_CHARACTER_WAIT,"Hang on , your character will be ready soon!",TEXT
T_GUIDE_CREATE_CHARACTER_WEARED,A highly creative character is now equipped! Come and see what magic they have!,TEXT
T_GUIDE_PVE_INTRO,"What secrets are hidden in the King's dungeon? Team up and defeat the enemies, uncover the King's dark secrets!",TEXT
T_GUIDE_REWARDLINE_INTRO,"Collect more Era Runes, and win bigger prizes!",TEXT
T_GUIDE_SKILLTREE_CHARACTER_INTRO1,"Like weapon Magics, here displays all the character magics discovered - once a magic is discovered by enough Dreamers on the server, it will be seen by everyone.",TEXT
T_GUIDE_SKILLTREE_CHARACTER_INTRO2,This is where you as an Explorer shine and showcase your unique glory! Character Magic you discover as a pioneer Explorer will be displayed here.,TEXT
T_GUIDE_SKILLTREE_WEAPON_INTRO1,"Here displays all the weapon Magics discovered - once a Magic is discovered by enough Dreamers on the server, it will be seen by everyone.",TEXT
T_GUIDE_SKILLTREE_WEAPON_INTRO2,This is where you as an Explorer showcase your unique glory! Weapon Magic you discover as a pioneer Explorer will be displayed here.,TEXT
T_GUIDE_TIMEALTERNATING_INRO1,"Here you are, Primal Dreamer! Now you can create stuff in primitive forms and with primitive Magic.",TEXT
T_GUIDE_TIMEALTERNATING_INRO2,"Level up your Dreaming Power, for cooler and more powerful creations!",TEXT
T_GUIDE_TIMEALTERNATING_INRO3,"Though now you can only create primitive characters and weapons, leveling up your Dreaming Power unlocks more powerful and diverse creations!",TEXT
T_GUIDE_TIMEALTERNATING_INRO4,This is the number of<color=#e25a30>Era Runes</color> required to advance your Dreaming Power - you can earn them in every game played,TEXT
T_GUIDE_WEAPON01,"Dreamers, time to create your first weapon!",TEXT
T_GUIDE_WEAPON02,Enter your weapon prompt here,TEXT
T_GUIDE_WEAPON03,"Hang on, the weapon will be ready soon",TEXT
T_GUIDE_WEAPON04,Click here to see the character you just created!,TEXT
T_GUIDE_WEAPON04C,Click here to see the character you just created!,TEXT
T_GUIDE_WEAPON05,The weapon you created has been equipped - let me show you something magical first!,TEXT
T_GUIDE_WEAPON06,Want to try out others' weapons too?,TEXT
T_GUIDE_WEAPON07,Tip: You can only obtain one weapon after a game,TEXT
T_GUIDE_WEAPON08,Try out your weapon on training dummy!,TEXT
T_HAMMER_D,"Smash forward with a hammer, dealing heavy damage in an area in front",TEXT
T_HAMMER_N,Hammer,TEXT
T_HEALTHBOOST_D,Initial health increased,TEXT
T_HEALTHBOOST_N,Health Boost,TEXT
T_HEAL_1,Restore minor health,TEXT
T_HEAL_2,Restore small health,TEXT
T_HEAL_3,Restore moderate health,TEXT
T_HEAL_4,Restore major health,TEXT
T_HISTORY,History,TEXT
T_HOOKLOCK_D,"Pull yourself towards the hit location, causing damage and disarming the enemy",TEXT
T_HOOKLOCK_N,Web Hook,TEXT
T_HUD_CANCEL_DIR,Cancel direction,TEXT
T_HUD_DESC,Enter edit mode and customize button position and size,TEXT
T_HUD_MOVE_MODE,Whether to enable joystick following,TEXT
T_HUD_NAME,Custom button layout,TEXT
T_HUD_SAVE_1,Set 1,TEXT
T_HUD_SAVE_2,Set 2,TEXT
T_HUD_SAVE_3,Set 3,TEXT
T_HUD_SAVE_SUCCESS,Saved successfully,TEXT
T_HUD_SCALE,size,TEXT
T_HUNTERENEMY,Hunting begins! <color=#E25A30><b>{0}</b></color> is chosen as target!,TEXT
T_ICEWALL_D,Create three solid walls with health,TEXT
T_ICEWALL_N,Protective Ice Wall,TEXT
T_ICTHORN_D,"Summons a column of ice spikes, causing multiple damage to enemies it touches.",TEXT
T_ICTHORN_N,Summon Ice Spikes,TEXT
T_INFOMAT,Profile,TEXT
T_INFOMATIONS,Profile,TEXT
T_INGAME_BROADCAST_MAP,"Presenting the map created by <color=#FBB03B><b>{0}</b></color>, with <color=#E25A30><b>{1}</b></color> special terrain",TEXT
T_INGAME_BROADCAST_M_1,no special effects,TEXT
T_INGAME_BROADCAST_M_2,Super drought,TEXT
T_INGAME_BROADCAST_M_3,Water World,TEXT
T_INGAME_BROADCAST_M_4,Gobi Desert,TEXT
T_INGAME_BROADCAST_M_5,grassland,TEXT
T_INGAME_BROADCAST_M_6,wetlands,TEXT
T_INGAME_BROADCAST_M_7,stone forest,TEXT
T_INGAME_BROADCAST_WEAPON,"Presenting the weapon created by <color=#FBB03B><b>{0}</b></color>, with <color=#E25A30><b>{1}</b></color>",TEXT
T_INGAME_BROADCAST_W_1,Explosive,TEXT
T_INGAME_BROADCAST_W_10,Slowing down,TEXT
T_INGAME_BROADCAST_W_11,Lifesteal,TEXT
T_INGAME_BROADCAST_W_12,Enlarging,TEXT
T_INGAME_BROADCAST_W_13,Shrinking,TEXT
T_INGAME_BROADCAST_W_14,Transforming,TEXT
T_INGAME_BROADCAST_W_15,Blinding,TEXT
T_INGAME_BROADCAST_W_16,Stunning,TEXT
T_INGAME_BROADCAST_W_17,BlackHole,TEXT
T_INGAME_BROADCAST_W_18,Homing bullet,TEXT
T_INGAME_BROADCAST_W_19,Larger bullet,TEXT
T_INGAME_BROADCAST_W_2,Penetration,TEXT
T_INGAME_BROADCAST_W_3,Bouncing,TEXT
T_INGAME_BROADCAST_W_4,Burning,TEXT
T_INGAME_BROADCAST_W_5,Frozen,TEXT
T_INGAME_BROADCAST_W_6,Poisonous,TEXT
T_INGAME_BROADCAST_W_7,Lightning,TEXT
T_INGAME_BROADCAST_W_8,Knockback,TEXT
T_INGAME_BROADCAST_W_9,Splitting,TEXT
T_INGAME_ENTER_TEXT,Enter text..,TEXT
T_INGAME_EVENT,Big Event!,TEXT
T_INGAME_FEEDBACK_APPEAR,RATE YOUR DESIGN,TEXT
T_INGAME_FEEDBACK_MATCH,RATE YOUR CREATION,TEXT
T_INGAME_KING,The KING,TEXT
T_INGAME_NEXT_LEVEL,Congratulations !Go to next level!,TEXT
T_INGAME_PLACE,Place,TEXT
T_INGAME_PROMPT,Prompt,TEXT
T_INGAME_QUIT,Are you sure you want to exit the game?,TEXT
T_INGAME_RESULT_ADD,ADD FRIEND,TEXT
T_INGAME_RESULT_HEADSHOT,AVATAR,TEXT
T_INGAME_RESULT_KILL,KILL,TEXT
T_INGAME_RESULT_ME,YOU,TEXT
T_INGAME_RESULT_NAME,NAME,TEXT
T_INGAME_RESULT_POINT,POINT,TEXT
T_INGAME_RESULT_RANK,RANK,TEXT
T_INGAME_RESULT_TROPHY,TROPHY,TEXT
T_INGAME_TAP_CONTINUE,Tap to Continue,TEXT
T_INGAME_TEMPLATE_ADORABLE,Adorable panda,TEXT
T_INGAME_TEMPLATE_ANCIENT,An ancient relic,TEXT
T_INGAME_TEMPLATE_BARBIE,Lovely Barbie,TEXT
T_INGAME_TEMPLATE_BATMAN,Batman for justice,TEXT
T_INGAME_TEMPLATE_BLOSSOMING,Blossoming rose gun,TEXT
T_INGAME_TEMPLATE_BLUE_INKED,Blue-inked pen,TEXT
T_INGAME_TEMPLATE_CAT,British shorthair cat,TEXT
T_INGAME_TEMPLATE_CATWOMAN,Catwoman in black outfit,TEXT
T_INGAME_TEMPLATE_COLD,A jar of cold milk,TEXT
T_INGAME_TEMPLATE_COLORFUL,Colorful lollipop,TEXT
T_INGAME_TEMPLATE_COMPACT,hairdryer gun,TEXT
T_INGAME_TEMPLATE_DARK,Dungeon of darkness,TEXT
T_INGAME_TEMPLATE_DOG,A dog with big ears,TEXT
T_INGAME_TEMPLATE_DRAGON,Dragon breathing fire,TEXT
T_INGAME_TEMPLATE_ELSA,Elsa with the power of ice,TEXT
T_INGAME_TEMPLATE_FIRE,Hellfire shotgun,TEXT
T_INGAME_TEMPLATE_FISH,Giant shark gun,TEXT
T_INGAME_TEMPLATE_FIZZY,Fizzy coke,TEXT
T_INGAME_TEMPLATE_FLUFFY,A fluffy pillow,TEXT
T_INGAME_TEMPLATE_FROG,Frog warrior,TEXT
T_INGAME_TEMPLATE_FROZEN,Frozen land,TEXT
T_INGAME_TEMPLATE_GENTLE,A cow,TEXT
T_INGAME_TEMPLATE_GUN,A lethal black gun,TEXT
T_INGAME_TEMPLATE_HORSE,A brown horse,TEXT
T_INGAME_TEMPLATE_INTERESTING,Ancient book,TEXT
T_INGAME_TEMPLATE_IRON_MAN,Iron-man in yellow suit,TEXT
T_INGAME_TEMPLATE_JAMES_BOND,Elegant James Bond,TEXT
T_INGAME_TEMPLATE_JOHN_SNOW,Jon Snow from Game of Thrones,TEXT
T_INGAME_TEMPLATE_JOKER,Joker with clownish grin,TEXT
T_INGAME_TEMPLATE_JURASSIC,Jurassic world,TEXT
T_INGAME_TEMPLATE_KNIGHT,The guardian knight,TEXT
T_INGAME_TEMPLATE_LEMON,Lemontree land,TEXT
T_INGAME_TEMPLATE_MAJESTIC,Majestic castle,TEXT
T_INGAME_TEMPLATE_MANUFACTURING,Bustling factory,TEXT
T_INGAME_TEMPLATE_MONKEY,Monkey with banana,TEXT
T_INGAME_TEMPLATE_MYSTERIOUS,Mysterious forest,TEXT
T_INGAME_TEMPLATE_PENGUIN,A mercenary penguin,TEXT
T_INGAME_TEMPLATE_PHOENIX,The home of mighty phoenix,TEXT
T_INGAME_TEMPLATE_PIRATE,Pirate with evil grin,TEXT
T_INGAME_TEMPLATE_RETRO,Retro arcade,TEXT
T_INGAME_TEMPLATE_SAMURAI,Samurai with a sharp katana,TEXT
T_INGAME_TEMPLATE_SPONGEBOB,Green Spongebob,TEXT
T_INGAME_TEMPLATE_SPORTS,A stadium for sports events,TEXT
T_INGAME_TEMPLATE_STREAMLINED,Racing car with lightning,TEXT
T_INGAME_TEMPLATE_STRONG,A powerful wind turbine,TEXT
T_INGAME_TEMPLATE_SWEET,Candyland full of sweet treats.,TEXT
T_INGAME_TEMPLATE_SWORD,Powerful sword,TEXT
T_INGAME_TEMPLATE_TOM,Tom from Tom and Jerry,TEXT
T_INGAME_TEMPLATE_TRANQUIL,A tranquil aquarium,TEXT
T_INGAME_TEMPLATE_TRANSFORMER,Optimus prime,TEXT
T_INGAME_TEMPLATE_TROPICAL,Tropical sugarcane,TEXT
T_INGAME_TEMPLATE_WATER,Water pistol,TEXT
T_INGAME_TEMPLATE_WHITE,Cat with white fur,TEXT
T_INGAME_TEMPLATE_WINNIE,Winnie the Pooh,TEXT
T_INGAME_TEMPLATE_YELLOW,Dog in yellow coat,TEXT
T_INGAME_UI_REMAINING,Remaining players,TEXT
T_INGAME_USERNAME,User Name:,TEXT
T_INGAME_USERNAME_D,Let me see your strength,TEXT
T_INS_C_1,Trying to design a superhero character?,TEXT
T_INS_C_2,Want to try your hand at being an adventurer from the future?,TEXT
T_INS_C_3,Maybe generate a traveler from another world?,TEXT
T_INS_C_4,Maybe create a mysterious magician?,TEXT
T_INS_C_5,Maybe create a ruthless bounty hunter?,TEXT
T_INS_M_1,Trying to generate a medieval style castle?,TEXT
T_INS_M_2,Try creating a map completely covered in forest?,TEXT
T_INS_M_3,Want to try a city hidden in the deep sea?,TEXT
T_INS_M_4,Maybe design a desolate desert wasteland?,TEXT
T_INS_M_5,Want to design a future city full of unknown technologies?,TEXT
T_INS_W_1,Trying to design a weapon used by ancient knights?,TEXT
T_INS_W_2,Want to design a future weapon powered entirely by technology?,TEXT
T_INS_W_3,Want to try using animals as weapons?,TEXT
T_INS_W_4,Maybe try a weapon whose power comes from the stars or the universe?,TEXT
T_INS_W_5,Do you want to create a weapon that utilizes natural elements?,TEXT
T_INTRO_NAME,"What is your name, Dreamer?",TEXT
T_INTRO_PART1_1,"Listen up, use the left joystick to move",TEXT
T_INTRO_PART1_2,"Well done, use the right fire button, click to shoot",TEXT
T_INTRO_PART1_3,"There is an enemy in front of you, let me see your skills",TEXT
T_INTRO_PART1_4,"not,bad",TEXT
T_INTRO_PART1_5,There is another enemy in the grass ahead,TEXT
T_INTRO_PART1_6,Find him and kill him,TEXT
T_INTRO_PART1_7,congratulations! let's go to next step,TEXT
T_INTRO_PART2_1,Feel free to imagine and create whatever you want here,TEXT
T_INTRO_PART2_2,"Whatever you want, enter it here",TEXT
T_INTRO_PART2_3,"Here are other people’s creations, you can find inspiration",TEXT
T_INTRO_PART2_4,You can also just use other people’s ideas and see what magic happens,TEXT
T_INTRO_PART2_5,"Once the creation is complete, click here to confirm and wait for the magic to happen.",TEXT
T_INTRO_STRENGTH,Show me your strength!,TEXT
T_INVINCIBILITY_D,Become immune to damage and negative effects for a duration,TEXT
T_INVINCIBILITY_N,Invincibility,TEXT
T_INVISIBILITY_D,"Go invisible for a short time; moving, attacking, or taking damage reveals you",TEXT
T_INVISIBILITY_N,Invisibility,TEXT
T_KEEPMOVING_D,Gain a gem after moving a certain distance,TEXT
T_KEEPMOVING_N,Move to earn Gems,TEXT
T_KINDLE_D,"Ignite hit enemies, causing continuous damage",TEXT
T_KINDLE_N,Ignite,TEXT
T_KINGCHOOSEMAP,"Now, I shall decide whose arena will grace this battle!",TEXT
T_KINGCHOOSEWHO,It shall be {0}'s!,TEXT
T_KNOCKBACK,Bullet knocks enemy back a certain distance,TEXT
T_KNOCKBACK_SLOWDOWN_D,Knock back enemies and slow them down,TEXT
T_LACK_DESC,Earn more Coins and creation opportunities through battles!,TEXT
T_LACK_WAY,How to get,TEXT
T_LANGUAGE,Language,TEXT
T_LEADERBOARD,Leaderboard,TEXT
T_LEVELUP_CHARACTER,Increase prompt limit to {0} characters,TEXT
T_LEVELUP_N_1,The upper limit of the number of input characters that can be generated has been increased from <color=#CE2121><b>15</b></color> to <color=#CE2121><b>20</b></color>,TEXT
T_LEVELUP_N_2,The upper limit of the number of input characters that can be generated is increased from <color=#CE2121><b>20</b></color> to <color=#CE2121><b>25</b></color>,TEXT
T_LEVELUP_N_3,The upper limit of the number of input characters that can be generated has been increased from <color=#CE2121><b>25</b></color> to <color=#CE2121><b>30</b></color>,TEXT
T_LEVELUP_SHOW1,maximum level of generation is,TEXT
T_LEVELUP_SHOW2,The upper limit of characters is,TEXT
T_LEVELUP_W_1,The maximum level of generated weapons/characters has been increased from [0#emoji_11] to [0#emoji_12],TEXT
T_LEVELUP_W_2,The maximum level of generated weapons/characters has been increased from [0#emoji_12] to [0#emoji_13],TEXT
T_LEVELUP_W_3,The maximum level of generated weapons/characters has been increased from [0#emoji_13] to [0#emoji_14],TEXT
T_LIGHTNING,Bullet triggers a delayed lightning strike at the impact location,TEXT
T_LOBBY_BACK,back,TEXT
T_LOBBY_BATTLE,MAGIC BATTLE,TEXT
T_LOBBY_CONGRATULATIONS,Congratulations !,TEXT
T_LOBBY_MATCHING,Matching,TEXT
T_LOBBY_NAME_ERROR,The name is not available,TEXT
T_LOBBY_NAME_IRREGULAR,Nickname must be within 3~12 characters,TEXT
T_LOBBY_SKIP,SKIP,TEXT
T_LOGIN_CONNECTING,Connecting to server,TEXT
T_LOGIN_PRIVICY,privacy policy,TEXT
T_LOGIN_USERITEM,Terms of use,TEXT
T_LOOT_REPAIR,Purchased weapons come with limited usage - Create your own weapons!,TEXT
T_LVLUP_BUTTON1,Completed!,TEXT
T_LVLUP_BUTTON2,Promotion!,TEXT
T_LVLUP_TITLE1,Basic Trial,TEXT
T_LVLUP_TITLE2,Ultimate Trial,TEXT
T_MAGMA_APPEAR,Lava is erupting!,TEXT
T_MAGNET_D,Pick up all gems within a range at intervals,TEXT
T_MAGNET_N,Gem Pickup,TEXT
T_MAP,Arena:,TEXT
T_MAPDOWNFAIL,Arena loading failed; default arena is used,TEXT
T_MAPGENERATE_D,Consumed when creating arenas,TEXT
T_MAPGENERATE_N,Arena ticket,TEXT
T_MAPSLOT_D,Unlocks a slot for arena creation,TEXT
T_MAPSLOT_N,Arena slot,TEXT
T_MAP_MODEDESC_PVE_1,PVE mode 1,TEXT
T_MAP_MODEDESC_PVE_2,PVE mode 2,TEXT
T_MAP_MODEDESC_PVE_3,PVE mode 3,TEXT
T_MAP_MODEDESC_PVE_4,PVE mode 4,TEXT
T_MAP_MODEDESC_PVP_1,PVP mode 1,TEXT
T_MAP_MODEDESC_PVP_2,PVP mode 2,TEXT
T_MAP_MODEDESC_PVP_3,PVP mode 3,TEXT
T_MAP_MODENAME_PVE_1,Novice,TEXT
T_MAP_MODENAME_PVE_2,Veteran,TEXT
T_MAP_MODENAME_PVE_3,Elite,TEXT
T_MAP_MODENAME_PVE_4,Legend,TEXT
T_MAP_MODENAME_PVP_1,Gem Blitz,TEXT
T_MAP_MODENAME_PVP_2,Duo,TEXT
T_MAP_MODENAME_PVP_3,Trio,TEXT
T_MAP_N,Arena,TEXT
T_MASSCURSE_D,"Release a group curse; cursed enemies leave a poison pool upon death, damaging those who step on it",TEXT
T_MASSCURSE_N,Group Curse,TEXT
T_MATCHRESULT_BRING,Take your favorite creation loot!,TEXT
T_MATCHRESULT_NO1,VICTORY!,TEXT
T_MATCHRESULT_NO2,Good job!,TEXT
T_MATCHRESULT_NO3,You are No.{0},TEXT
T_MATCHRESULT_NO4,Good job!,TEXT
T_MATCHRESULT_REWARD,Get a weapon and an arena for free!,TEXT
T_MODESEL_TITLE,Game Modes,TEXT
T_MODESEL_TITLE_PVE,Dungeon Rush,TEXT
T_MODESEL_TITLE_PVP,Gem Blitz,TEXT
T_MONSTER_GOUST,Ghost,TEXT
T_MONSTER_SKULL,Minion,TEXT
T_MONSTER_SLAVE,King’s Slave,TEXT
T_MONSTER_SLIME,Slime,TEXT
T_MONSTER_SPECTER,Ghost Mage,TEXT
T_MORE_N,More,TEXT
T_MUSIC,Music,TEXT
T_MYOPIA_D,Enemy hit is added an opaque mask on screen,TEXT
T_NAME_LOBBY_BOT,Training Dummy,TEXT
T_NEWCHARACTER,New character,TEXT
T_NEWMAP,New Arena,TEXT
T_NEWNAME,New name,TEXT
T_NEWWEAPON,New weapon,TEXT
T_NEXT_STAGE,Next Stage,TEXT
T_NIGHTFALL_D,"Emit a wave of light, narrowing the vision of nearby enemies",TEXT
T_NIGHTFALL_N,Vision Narrowing,TEXT
T_NOANYSKILL,"Sorry, but you didn't get anything cool this time...",TEXT
T_NOBUYCOIN,Insufficient coins,TEXT
T_NOCOIN_RENAME,Insufficient coins,TEXT
T_NOREMINDAGAIN,Do not remind me again,TEXT
T_NORENAME,Name not changed,TEXT
T_NORMAL_MISSION,Level Up Mission,TEXT
T_NO_WEAPONBUFF,No Bonus,TEXT
T_NUMBNESS_D,"Paralyze hit enemies, making them temporarily immobile",TEXT
T_NUMBNESS_N,Paralyze,TEXT
T_OBTAINED,Obtained,TEXT
T_ONLYWINNER,Champion Exclusive!,TEXT
T_OUT-OF-COMBATRAPIDHEALING_D,Healing effect increases after not taking damage for a while,TEXT
T_OUT-OF-COMBATRAPIDHEALING_N,Rapid healing by exiting battle,TEXT
T_OUT-OF-COMBATSPEEDBOOST_D,Movement speed increases after not taking damage for a while,TEXT
T_OUT-OF-COMBATSPEEDBOOST_N,Flawless Acceleration,TEXT
T_OWN,OWNED,TEXT
T_PAYGET,Purchase limit,TEXT
T_PIERCING,Bullet penetrates through everything,TEXT
T_POISONING,Enemy hit by bullet takes poisonous damage for a short period,TEXT
T_POISONOUSTOUCH_D,Poison enemies you touch after activation,TEXT
T_POISONOUSTOUCH_N,Poisoned upon contact,TEXT
T_PRO,PROMOTION,TEXT
T_PROMOTION_ALLRANK,All Levels:,TEXT
T_PROMOTION_DES,Level up your magic to become stronger - then use more powerful spells to create different weapons and characters!,TEXT
T_PROMOTION_DES_NUM,Increase from {0} to {1},TEXT
T_PROMOTION_DES_UP,Expanded spell length,TEXT
T_PROMOTION_FINISHALL,You're now my mightiest Dreamer! More exciting stuff coming soon!,TEXT
T_PROMOTION_IMPROVE,Players level up,TEXT
T_PROMOTION_NO_FINISH,Level-up tasks not completed!,TEXT
T_PROMOTION_PREVIEW,Level-Up Preview,TEXT
T_PROMOTION_ROAD,Path of Evolution,TEXT
T_PROMOTION_TASK,Level-Up Task:,TEXT
T_PROMOTION_TITLE,Ability Level-Up,TEXT
T_PROMOTION_UNLOCK_PVE,Unlock after completing the level-up task.,TEXT
T_PROMOTION_UPGRADE,Level Up,TEXT
T_PROMOTION_VIEW,Preview,TEXT
T_PRO_CHAR_LV_UP,Improvement of character’s basic attributes,TEXT
T_PRO_CREATE_LEVEL,Max Create level,TEXT
T_PRO_CREATE_LV_UP,Create level cap increased,TEXT
T_PRO_GET_MORE,Get more,TEXT
T_PRO_HP,HP,TEXT
T_PRO_MAX,Highest,TEXT
T_PRO_SEE_MORE,check the details,TEXT
T_PRO_SKILL_CD,Skill cooldown,TEXT
T_PRO_SPEED,Movement speed,TEXT
T_PRO_TITLE1,Generation effects enhanced,TEXT
T_PRO_TITLE1_DESC,Highest grade of weapon created: A,TEXT
T_PRO_TITLE1_DESC1,Maximum weapon level: <color=#CE2121><b>A</b></color>,TEXT
T_PRO_TITLE1_DESC2,Maximum weapon level: <color=#CE2121><b>S</b></color>,TEXT
T_PRO_TITLE1_DESC3,Maximum weapon level: <color=#CE2121><b>SS</b></color>,TEXT
T_PRO_TITLE1_DESC4,Maximum weapon level: <color=#CE2121><b>SSS</b></color>,TEXT
T_PRO_TITLE2,Generation capabilities enhanced,TEXT
T_PRO_TITLE2_DESC,Spell length increased to 40 characters,TEXT
T_PRO_TITLE2_DESC1,Spell generation length increased to 40,TEXT
T_PRO_TITLE2_DESC2,Spell generation length increased to 60,TEXT
T_PRO_TITLE2_DESC3,Spell generation length increased to 80,TEXT
T_PRO_TITLE2_DESC4,Spell generation length increased to 100,TEXT
T_PRO_UP_DETAILS,Upgrade content,TEXT
T_PRO_UP_TO,UPGRADING TO,TEXT
T_PUNCTURE_D,"Thrust forward with a spear, dealing damage in a straight line，attack can bounce bullets and accelerate yourself at the same time",TEXT
T_PUNCTURE_N,Spear,TEXT
T_PURCHASE,Purchase,TEXT
T_PUSH_DESC,"Your free generation tickets have been refreshed, come and try out your creativity!",TEXT
T_PUSH_TITLE,DayDream Time!,TEXT
T_PVE_BPTIME,Personal Best,TEXT
T_PVE_NOLIFE,You ran out of respawn..watch your teammates in action!,TEXT
T_PVE_NOTPASS,Not Completed,TEXT
T_PVE_PASSRANK,Speedrun Leaderboard,TEXT
T_PVE_PASSTIME,Time(s),TEXT
T_PVE_REWARD,1st Time Completion,TEXT
T_PVP_START,Collect Gems! Player with most Gems wins!,TEXT
T_PV_1,"An evil king arrives, proclaims a grand contest for ‘Dreamers'",TEXT
T_PV_2,They must forge powerful weapons and armors to stand out,TEXT
T_PV_3,A sinister ambition drives him…,TEXT
T_PV_4,"Under his spell, villagers labor to earn his dark approval, pouring all their creativity and sweat into each creation.",TEXT
T_PV_START,A once peaceful village...,TEXT
T_QUALITY_HIGH,High,TEXT
T_QUALITY_LOW,Fluent,TEXT
T_QUALITY_MID,Balanced,TEXT
T_QUALITY_N,Performance Mode,TEXT
T_REATCHED_MAX_LEVEL,Reached the maximum level,TEXT
T_RECOMMAND,Recommended,TEXT
T_RECRUITMENT,Recruitment,TEXT
T_REDRAW,Redraw,TEXT
T_RENAME,Rename,TEXT
T_RENAME_CONFIRM,"Confirm changing name to {1}, with {0}?",TEXT
T_RENAME_SUCCESS,Name changed successfully,TEXT
T_REPAIRCONFIRM,Do you want to spend {0} coins to repair?,TEXT
T_REPAIR_TIPS,Weapon Durability drops by 1 each game. Weapon can no longer be used when durability reaches 0 - Please remember to repair your weapon promptly!,TEXT
T_RESTART_SETTING,The setting changes will take effect after restarting the game,TEXT
T_RESULT,Result,TEXT
T_RESULT_CREATEC,Create stronger characters!,TEXT
T_RESULT_CREATEW,Create stronger weapons!,TEXT
T_RESULT_DESC,Come back and challenge again when you become stronger!,TEXT
T_RESULT_DISCOUNT,purchase discount,TEXT
T_RESULT_DISCOUNT_S,make persistent efforts,TEXT
T_RESULT_DISCOUNT_SHOW,Price reduction {0}[0#emoji_0],TEXT
T_RESULT_DISCOUNT_TITLE,Ranking details !,TEXT
T_RESULT_LOSE,Change to a stronger weapon character and try again!,TEXT
T_REWARDLINE_INTRODUCE,You can unlock and claim more rewards by earning Era Runes,TEXT
T_RICOCHET,Bullet bounces multiple times after hitting an arena object,TEXT
T_ROCK_APPEAR,The unstoppable rolling stone has set off!,TEXT
T_ROCK_D,Turn into a stone for a short time; shooting will revert to normal form; immune to bullets,TEXT
T_ROCK_N,Turn into Stone,TEXT
T_ROLE_N,Role,TEXT
T_RWAEDOWNED,Current progress,TEXT
T_RWARDLINE,King's treasure,TEXT
T_SAVELOCAL,Saved to device,TEXT
T_SELECTALL,Import All,TEXT
T_SELFBIG_D,"During the duration, the body size becomes larger and the upper limit of blood volume, attack speed and shooting range are increased, and it will gradually return to the original state.",TEXT
T_SELFBIG_N,Enlarge Yourself,TEXT
T_SELFSMALL_D,"During the duration, the body size becomes smaller and the movement speed increases. When encountering an enemy, it will steal the opponent's gems, but will be stepped on.",TEXT
T_SELFSMALL_N,Shrink Yourself,TEXT
T_SERVER_DISCONNECT,Disconnected from server,TEXT
T_SETTING,Settings,TEXT
T_SETTLE_ALLRANK,All rankings,TEXT
T_SETTLE_YOURRANK,You are No.{0},TEXT
T_SHARE,SHARE,TEXT
T_SHARE_AIGRENERATED,AI GENERATED,TEXT
T_SHARE_CHAR,CHARACTER!,TEXT
T_SHARE_MAP,ARENA!,TEXT
T_SHARE_NOTFOUND,Sharing channel not found,TEXT
T_SHARE_NOTION,Join me in creating super fun stuff with AI!,TEXT
T_SHARE_WEAPON,WEAPON!,TEXT
T_SHINRATENSEI_D,"Emit a wave of light, pushing away all nearby enemies",TEXT
T_SHINRATENSEI_N,Push away enemies,TEXT
T_SHRINKING_D,"The hit enemy will shrink in size, resulting in a reduced attack range, and will be trampled by others.",TEXT
T_SIGNATURE,Tagline,TEXT
T_SIGNATURE_D,Edit your tagline!,TEXT
T_SIGNATURE_DIRTY,Inappropriate language detected in tagline,TEXT
T_SIGNATURE_DO,Please sign,TEXT
T_SIGNIN_CONTENT,Day {0},TEXT
T_SIGNIN_C_D_ID,Breath of water!,TEXT
T_SIGNIN_C_D_TH,I'll protect this place,TEXT
T_SIGNIN_C_D_VN,There is only one truth!,TEXT
T_SIGNIN_C_T_ID,Kamado Tanjiro,TEXT
T_SIGNIN_C_T_TH,patron saint,TEXT
T_SIGNIN_C_T_VN,conan,TEXT
T_SIGNIN_TITLE_1,three days,TEXT
T_SIGNIN_TITLE_2,Sign in,TEXT
T_SKILL,Magic,TEXT
T_SKILLTREE,Magic Path,TEXT
T_SKILL_NEEDEXPLORE,This item has not been discovered yet - Keep exploring and be the first!,TEXT
T_SKIP_TODAY,Keep Skip Today,TEXT
T_SLIDE_D,"Dash forward in the facing direction, damaging enemies in the path",TEXT
T_SLIDE_N,Dash N' Damage,TEXT
T_SLOTUNLOCK,Creation slot unlocked,TEXT
T_SOCIALUNLOCK_D,Unlocks social island,TEXT
T_SOCIALUNLOCK_N,Social Island unlocked!,TEXT
T_SOUND,Sound,TEXT
T_SOUNDEFFECTS,Sound Effects,TEXT
T_SPEEDINCREASE_D,Initial movement speed increased,TEXT
T_SPEEDINCREASE_N,Boosted movement speed,TEXT
T_SPLASHBANNER,Improve your Dreamer level and generate stronger weapons and characters!,TEXT
T_SPLITTING,Bullet splits into two after traveling a certain distance,TEXT
T_STAY_D,Gain a gem after staying still for a while,TEXT
T_STAY_N,Gain Gems by staying still,TEXT
T_STORE2,Now! Time for battle!,TEXT
T_STOREHOUSE,Inventory,TEXT
T_STOREHOUSE_E,EQUIP,TEXT
T_STOREHOUSE_EMOJI,Emoji,TEXT
T_STOREHOUSE_EMOTE,Emote,TEXT
T_STOREHOUSE_R,REMOVE,TEXT
T_STOREHOUSE_RP,REPLACE,TEXT
T_STOREHOUSE_TITLE,Title,TEXT
T_STOREHOUSE_VICTORY,Victory Pose,TEXT
T_STORY1,I already know your name.Now You can create any character you want.,TEXT
T_ST_CHARACTER_RANKING,Character Ranking,TEXT
T_ST_CREATOR,Explorer,TEXT
T_ST_CREATORNUM,Explorer Count,TEXT
T_ST_CREATORRANK,Explorer Leaderboard,TEXT
T_ST_CREATORTITLE_YOU,YOU ARE,TEXT
T_ST_CREATORTITLE_YOUARENOT,Reward for Top {0} Explorers,TEXT
T_ST_GETTITLE,{0}! You've earned this title for being the Explorers of this Magic. Show it off!,TEXT
T_ST_MORESKILL,A lot of Magic waiting to be explored!,TEXT
T_ST_MY,MY MAGIC,TEXT
T_ST_RANK_LEVEL,LEVEL,TEXT
T_ST_RANK_PURCHASE,Purchase,TEXT
T_ST_RANK_WEAPON,WEAPON,TEXT
T_ST_SKILLINFO,Magic Info,TEXT
T_ST_SKILLINFO_NOTFOUND,Magic effect to be explored,TEXT
T_ST_THANKS,Thank you for being the {0} explorer and making a huge contribution to discovering this magic!,TEXT
T_ST_THANKS_TITLE,"Thank You, Explorer!",TEXT
T_ST_TITLE,Magic Info,TEXT
T_ST_WEAPON_RAKNING,Weapon Leaderboard,TEXT
T_ST_WEAPON_RANK,Most powerful weapon with this Magic,TEXT
T_ST_WORLD,WORLD MAGIC,TEXT
T_SUMMONFIREPILLAR_D,Summon fire pillars at nearby locations,TEXT
T_SUMMONFIREPILLAR_N,Summon Fire Pillar,TEXT
T_SUMMONGHOST_D,Summon an auto-tracking ghost that explodes upon contact with an enemy,TEXT
T_SUMMONGHOST_N,Summon ghost,TEXT
T_SUMMONLIGHTNING_D,Release multiple lightning strikes around you,TEXT
T_SUMMONLIGHTNING_N,Summon Lightning,TEXT
T_SUMMONROLLINGSTONE_D,"Summon a rolling boulder forward, damaging enemies it hits",TEXT
T_SUMMONROLLINGSTONE_N,Summon Rolling Stone,TEXT
T_TEAM_A_LEFT,{0} has left the squad,TEXT
T_TEAM_DISBANDED,Squad Disbanded,TEXT
T_TEAM_EXCEEDED,Squad is full,TEXT
T_TEAM_FULL,Squad is full,TEXT
T_TEAM_INGAME,Currently in a game,TEXT
T_TEAM_INTEAM,In a squad,TEXT
T_TEAM_INVITATION,Squad invitation sent,TEXT
T_TEAM_INVITE,{0} invited you to join his squad,TEXT
T_TEAM_JOIN,You have joined the squad,TEXT
T_TEAM_JOIN_NEW,A new player has joined the squad,TEXT
T_TEAM_KICKOUT,Kick out,TEXT
T_TEAM_KICKOUT_CONFIRM,Confirm to kick {0} out?,TEXT
T_TEAM_LEAVE,You are in a squad - confirm leaving?,TEXT
T_TEAM_LEAVE_CONFIRM,Confirm leaving the squad?,TEXT
T_TEAM_LEFT,You have left the squad,TEXT
T_TEAM_NEWFRIEND,Add Friend,TEXT
T_TEAM_OFFLINE,Offline,TEXT
T_TEAM_ONLINE,Online,TEXT
T_TEAM_SEARCH_FRIEND,Input user name to search...,TEXT
T_TEAM_UNABLE,Unable to invite this friend to squad,TEXT
T_TELEPORT_D,"Teleport yourself to the target location, causing damage to the landing point",TEXT
T_TELEPORT_N,flash teleport,TEXT
T_TEXTLIMIT,Continue to upgrade your magic to gain the ability to input more characters.,TEXT
T_THIEF_D,Steal Gems carried by the targets hit,TEXT
T_THIEF_N,Gem Bandit,TEXT
T_TIPS_BACKLOBBY,Would you like to bring all the materials back to the lobby?,TEXT
T_TIPS_BACKLOBBY_WARNING,This will overwrite your current selection,TEXT
T_TIPS_INFO,INFORMATION,TEXT
T_TITLE_AMMONUM,Bullet Baron,TEXT
T_TITLE_ATTRACT,Magnet Lord,TEXT
T_TITLE_AUTO_FIRE,The Automatic,TEXT
T_TITLE_BLOOD_RAGE,Scarlet Fury,TEXT
T_TITLE_BOUNCE,Deflector,TEXT
T_TITLE_BULLETENLARGE,Big Bang,TEXT
T_TITLE_BULLET_ABSORB,Life Leech,TEXT
T_TITLE_BULLET_BOUNCE,Ricochet Master,TEXT
T_TITLE_BURN,Inferno Lord,TEXT
T_TITLE_CHARACTER_SKILLS,Character Magic,TEXT
T_TITLE_CHARGED_DAMAGE,Power Surge,TEXT
T_TITLE_CHEST_BOT_DAMAGE,Fortune's Wrath,TEXT
T_TITLE_DAMAGE1,One-Shot Wonder,TEXT
T_TITLE_DAMAGE_REDUCTION,Ironclad Defender,TEXT
T_TITLE_DAMAGE_SPEED,Fury Sprinter,TEXT
T_TITLE_DARKEN,Tunnel Vision,TEXT
T_TITLE_DASH,Sharp Dasher,TEXT
T_TITLE_DIZZY,The Flashbang,TEXT
T_TITLE_ENLARGE,Titan's Wrath,TEXT
T_TITLE_EXPLOSION,Blast King,TEXT
T_TITLE_FIREINTERVAL1,Rapid Shooter,TEXT
T_TITLE_FOOT_BURN,Flame Walker,TEXT
T_TITLE_FREEZE,Glacier Warden,TEXT
T_TITLE_GEM_EFFECT_DOUBLE,Gem Greed,TEXT
T_TITLE_GEM_RANGE,Gem Magnet,TEXT
T_TITLE_GRASS,Chameleon,TEXT
T_TITLE_HEALTH_BOOST,Sheer Strength,TEXT
T_TITLE_HOMING,Heatseeker,TEXT
T_TITLE_INVINCIBLE,The Immortal,TEXT
T_TITLE_INVISIBLE,Shadow Warrior,TEXT
T_TITLE_LIFESTEAL,Bloodsucker,TEXT
T_TITLE_LIGHTNING,Thunderstrike,TEXT
T_TITLE_MOVE_GEM,Gem Seeker,TEXT
T_TITLE_OUT_OF_COMBAT_HEAL,Resurgence,TEXT
T_TITLE_OUT_OF_COMBAT_SPEED,Afterburner,TEXT
T_TITLE_PENATRATION,Soul Piercer,TEXT
T_TITLE_POISON,Toxic Avenger,TEXT
T_TITLE_RANGE,Eternal Marksman,TEXT
T_TITLE_RELOADTIME1,Swift Reload,TEXT
T_TITLE_REPEL,Repeller,TEXT
T_TITLE_SHINRA_TENSEI,Force Manipulator,TEXT
T_TITLE_SHORTSIGHT,Shortsight Doctor,TEXT
T_TITLE_SHRINK,Mighty Shrinker,TEXT
T_TITLE_SLIDE,Fury Dasher,TEXT
T_TITLE_SLOW,Momentum Snatcher,TEXT
T_TITLE_SPEED,Bullet Speedster,TEXT
T_TITLE_SPEED_BOOST,Flash Runner,TEXT
T_TITLE_SPLIT,Ultimate Splitter,TEXT
T_TITLE_STATIONARY_GEM,Still Sentinel,TEXT
T_TITLE_SUMMON_BOULDER,Rockfall Lord,TEXT
T_TITLE_SUMMON_FIRE_COLUMN,Inferno Conduit,TEXT
T_TITLE_SUMMON_GHOST,Phantom Caller,TEXT
T_TITLE_SUMMON_LIGHTNING,Mighty Thor,TEXT
T_TITLE_THIEF,Gem Raider,TEXT
T_TITLE_TOUCH_FREEZE,Frostbite,TEXT
T_TITLE_TOUCH_POISON,Venomous Touch,TEXT
T_TITLE_TRANSFORM,Shapeshifter,TEXT
T_TITLE_WEAPON_SKILLS,Weapon Magic,TEXT
T_TRACING_BULLETS,Bullets track enemies,TEXT
T_TRAJECTORY_DESC,Bullets curve in flight,TEXT
T_TRANSFORMATION,"Transform the enemies and disable their ability to shoot; but increase their movement speed, and allowing them to charge into others",TEXT
T_TRAP_D,Place a ground spike trap; anyone passing over it will take damage,TEXT
T_TRAP_N,Trap,TEXT
T_TUO_MISSIONFINISH,"These tasks have been completed, go and claim the prize!",TEXT
T_TUO_UPGRADEDETAIL,Click to see how powerful you will be <color=#CE2121><b>after upgrading! </b></color>,TEXT
T_TUTORAL_CONGRAT,Good job! Onto the next trial.,TEXT
T_TUTORIALNEW_2,"Listen up! My secret spell is just for you - 'Fire Dragon’ - try it, and prepare to be amazed!",TEXT
T_TUTORIALNEW_MV,Slide the left joystick to move in different directions,TEXT
T_TUTORIALNEW_M_1,Dream Book! Follow the clues and you'll become an invincible warrior!,TEXT
T_TUTORIALNEW_M_2,Your current goal is to play three exciting games! Only one game left! Go and try it!,TEXT
T_TUTORIALNEW_M_3,Return to lobby and check out what you found!,TEXT
T_TUTORIALNEW_RL_1,Click this button to explore the many cool features yourself!,TEXT
T_TUTORIALNEW_RL_2,"You can claim rewards here - more matches you play, bigger rewards you get!",TEXT
T_TUTORIALNEW_RO_1,"You are now a weapon master! Now, create your own character!",TEXT
T_TUTORIALNEW_RO_2,Unleash your creativity - in DayDream you can get any character you dream of!,TEXT
T_TUTORIALNEW_RO_3,Hang on a moment - your own character is about to make an entrance!,TEXT
T_TUTORIALNEW_RO_4,"Step into a real battle, and see if your character is cool indeed!",TEXT
T_TUTORIALNEW_ST,Slide the right joystick to aim; then release it to fire!,TEXT
T_TUTORIALNEW_WP_1,"There is a treasure chest on the right. If you look closer, you may find something unexpected.",TEXT
T_TUTORIALNEW_WP_1_S,Go check out the treasure chest above,TEXT
T_TUTORIALNEW_WP_2,Pick up your weapon and fire at the ches - maybe it hides my riches!,TEXT
T_TUTORIALNEW_WP_2_S,Break the chest!,TEXT
T_TUTORIALNEW_WP_3,"Oh! Indeed my Gem.. Grab it quickly and hide it, you don't want anyone else to find it",TEXT
T_TUTORIALNEW_WP_3_S,Pick up the Gems,TEXT
T_TUTORIALNEW_WP_4,"There are 3 treasure chests here, go and grab all the gems [0#emoji_3] inside!",TEXT
T_TUTORIALNEW_WP_4_S,You still need to pick up {0} Gems,TEXT
T_TUTORIALNEW_WP_5,You could only use my powerful weapon ONCE! Now it's your turn,TEXT
T_TUTORIALNEW_WP_6,Unleash your creativity and create a weapon that's truly YOURS!,TEXT
T_TUTORIALNEW_WP_7,"Hold on a moment, your magic is charging...Get ready to see your own weapon!",TEXT
T_TUTORIALNEW_WP_8,<color=#CE2121><b>Player with the most Gems wins!</b></color> \n Jump into a real battle NOW!,TEXT
T_TUTORIALNEW_WP_9,Conquer the battle with your own weapon! I can only imagine how EPIC it'll be!,TEXT
T_TUTORIAL_01,Collect Gems from loot boxes,TEXT
T_TUTORIAL_02,"Kill enemies, raid their Gems",TEXT
T_TUTORIAL_03,Dreamer with most Gems wins!,TEXT
T_TUTORIAL_04,Battle!,TEXT
T_TUTORIAL_CHANGECHA,"So cool! Whenever you generate a <color=#CE2121><b>new weapon</b></color> in the future, you can come here and test its effects!\nNow let’s play something even more <color=#CE2121><b>exciting</b></color>!",TEXT
T_TUTORIAL_END,You’ve mastered all magical abilities. Use your imagination to become the strongest warrior in the kingdom!,TEXT
T_TUTORIAL_FIRSTTRY,Go and test how powerful my spell is!,TEXT
T_TUTORIAL_GOPVP,"Follow the task guide and participate in matches!\n<color=#CE2121><b>The more you fight, the more you generate, and the stronger you’ll become!</b></color>",TEXT
T_TUTORIAL_GOUP,Click here to see how <color=#CE2121><b>powerful</b></color> you will become in the future!,TEXT
T_TUTORIAL_INTRO,"Hmm, I’ve heard of you. \n Warrior, create your own weapon and join the battle for my <color=#CE2121><b>Mightiest Warrior</b></color>!",TEXT
T_TUTORIAL_KILLBOT,"There will be a training dummy on the right, use him to test how powerful your weapon is!",TEXT
T_TUTORIAL_KILLBOTS,Go and try it!,TEXT
T_TUTORIAL_KNOWLEDGESLICE,"These are knowledge fragments, which will be distributed after each match based on your performance.\n<color=#CE2121><b>The higher your ranking, the more knowledge fragments you’ll receive!</b></color>",TEXT
T_TUTORIAL_NEXTGEN,"Whenever you have a new idea, come back and create it!",TEXT
T_TUTORIAL_STARTBUTTON,Click here to battle for the mightiest warrior! I can't wait to see you in action!,TEXT
T_TUTORIAL_TAPSHOOT,"Here’s a secret tip: tap the ""Fire"" button to auto-aim and attack the nearest target. Try it out!",TEXT
T_TUTORIAL_TIPSNEW,Try out the new little tricks!,TEXT
T_TUTORIAL_TITLE,Tutorial,TEXT
T_UNINSPIRED,Uninspired,TEXT
T_UPC_D_1,First glimpse of the door!,TEXT
T_UPC_D_2,Look how strong I am!,TEXT
T_UPC_D_3,I can generate anything I want!,TEXT
T_UPC_T_1,warrior dreamer,TEXT
T_UPC_T_2,aristocratic dreamer,TEXT
T_UPC_T_3,Tech Visionary,TEXT
T_UPW_DEFAULT_C,"Super powerful fire dragon gun, burning and causing a lot of damage",TEXT
T_UPW_DEFAULT_T,Super powerful fire dragon gun,TEXT
T_UPW_D_1,"Ice dragon gun, freezes everything",TEXT
T_UPW_D_2,The perfect combination of thunder and power,TEXT
T_UPW_D_3,Burn them all!,TEXT
T_UPW_T_1,ice dragon,TEXT
T_UPW_T_2,Thor's Hammer,TEXT
T_UPW_T_3,High-tech flamethrower,TEXT
T_UP_CON,Upgrade Conditions,TEXT
T_WAY_OBTAIN,Way to obtain,TEXT
T_WEAPON,Weapon:,TEXT
T_WEAPONGENERATE_D,Consumed when creating weapons,TEXT
T_WEAPONGENERATE_N,Weapon ticket,TEXT
T_WEAPONLOAD,Weapon loading...,TEXT
T_WEAPONSLOT_D,Unlocks a slot for weapon creation,TEXT
T_WEAPONSLOT_N,Weapon slot,TEXT
T_WEAPON_ATTRIBUTE,Weapon Attribute,TEXT
T_WEAPON_MAGIC_TIPS,"Create more, and explore different weapon magics!",TEXT
T_WEAPON_N,Weapon,TEXT
T_WEAPON_RANKLEVEL,King's judgment:,TEXT
